{"chunk_definitions":[{"row":51,"row_count":1,"visible":true,"expansion_state":0,"options":{"engine":"python","label":"unnamed-chunk-2","dev":"png"},"document_id":"7CA6A6E4","chunk_id":"c5b4jh204gwm4","chunk_label":"unnamed-chunk-1"},{"row":99,"row_count":1,"visible":true,"expansion_state":0,"options":{"engine":"python","label":"unnamed-chunk-3","dev":"png"},"document_id":"7CA6A6E4","chunk_id":"ci5gz3mlbdoyx","chunk_label":"unnamed-chunk-2"},{"row":122,"row_count":1,"visible":true,"expansion_state":0,"options":{"engine":"python","label":"unnamed-chunk-4","dev":"png"},"document_id":"7CA6A6E4","chunk_id":"czm4xrifa15o5","chunk_label":"unnamed-chunk-3"},{"row":141,"row_count":1,"visible":true,"expansion_state":0,"options":{"engine":"python","label":"unnamed-chunk-1","dev":"png"},"document_id":"7CA6A6E4","chunk_id":"ctfcyi489xpa8","chunk_label":"unnamed-chunk-4"},{"row":159,"row_count":1,"visible":true,"expansion_state":0,"options":{"engine":"python","label":"unnamed-chunk-1","dev":"png"},"document_id":"7CA6A6E4","chunk_id":"c2rhhr9vaow2m","chunk_label":"unnamed-chunk-5"},{"row":187,"row_count":1,"visible":true,"expansion_state":0,"options":{"engine":"python","label":"unnamed-chunk-2","dev":"png"},"document_id":"7CA6A6E4","chunk_id":"cfk5kn1z5qa6f","chunk_label":"unnamed-chunk-6"},{"row":207,"row_count":1,"visible":true,"expansion_state":0,"options":{"engine":"python","label":"unnamed-chunk-4","dev":"png"},"document_id":"7CA6A6E4","chunk_id":"c7p18a7nbsfzy","chunk_label":"unnamed-chunk-7"},{"row":240,"row_count":1,"visible":true,"expansion_state":0,"options":{"engine":"python","label":"unnamed-chunk-5","dev":"png"},"document_id":"7CA6A6E4","chunk_id":"cz49j77uwe8p5","chunk_label":"unnamed-chunk-8"},{"row":296,"row_count":1,"visible":true,"expansion_state":0,"options":{"engine":"python","label":"unnamed-chunk-1","dev":"png"},"document_id":"7CA6A6E4","chunk_id":"c3i8ppvetn2xd","chunk_label":"unnamed-chunk-9"},{"row":352,"row_count":1,"visible":true,"expansion_state":0,"options":{"engine":"python","label":"unnamed-chunk-2","dev":"png"},"document_id":"7CA6A6E4","chunk_id":"cd4j2abhpcmbg","chunk_label":"unnamed-chunk-10"},{"row":435,"row_count":1,"visible":true,"expansion_state":0,"options":{"engine":"python","label":"unnamed-chunk-8","dev":"png"},"document_id":"7CA6A6E4","chunk_id":"ce00kmlimbrot","chunk_label":"unnamed-chunk-11"},{"row":458,"row_count":1,"visible":true,"expansion_state":0,"options":{"engine":"python","label":"unnamed-chunk-9","dev":"png"},"document_id":"7CA6A6E4","chunk_id":"cktfv14glthk7","chunk_label":"unnamed-chunk-12"},{"row":492,"row_count":1,"visible":true,"expansion_state":0,"options":{"engine":"python","label":"unnamed-chunk-11","dev":"png"},"document_id":"7CA6A6E4","chunk_id":"cndi1y0lam9hr","chunk_label":"unnamed-chunk-13"},{"row":513,"row_count":1,"visible":true,"expansion_state":0,"options":{"engine":"python","label":"unnamed-chunk-12","dev":"png"},"document_id":"7CA6A6E4","chunk_id":"cvbvvl2hr19rv","chunk_label":"unnamed-chunk-14"},{"row":559,"row_count":1,"visible":true,"expansion_state":0,"options":{"engine":"python","label":"unnamed-chunk-13","dev":"png"},"document_id":"7CA6A6E4","chunk_id":"crd9lirelq4mv","chunk_label":"unnamed-chunk-15"},{"row":650,"row_count":1,"visible":true,"expansion_state":0,"options":{"engine":"python","label":"unnamed-chunk-14","dev":"png"},"document_id":"7CA6A6E4","chunk_id":"c67nhsk2t2dmi","chunk_label":"unnamed-chunk-16"},{"row":705,"row_count":1,"visible":true,"expansion_state":0,"options":{"engine":"python","label":"unnamed-chunk-16","dev":"png"},"document_id":"7CA6A6E4","chunk_id":"cdnpetxammijl","chunk_label":"unnamed-chunk-17"},{"row":726,"row_count":1,"visible":true,"expansion_state":0,"options":{"engine":"python","label":"unnamed-chunk-24","dev":"png"},"document_id":"7CA6A6E4","chunk_id":"c0wlxfmgm3dwm","chunk_label":"unnamed-chunk-18"},{"row":752,"row_count":1,"visible":true,"expansion_state":0,"options":{"engine":"python","label":"unnamed-chunk-26","dev":"png"},"document_id":"7CA6A6E4","chunk_id":"crak3rpjw5voz","chunk_label":"unnamed-chunk-19"},{"row":783,"row_count":1,"visible":true,"expansion_state":0,"options":{"engine":"python","label":"unnamed-chunk-1","dev":"png"},"document_id":"7CA6A6E4","chunk_id":"cdrw3f3xw9hxn","chunk_label":"unnamed-chunk-20"},{"row":815,"row_count":1,"visible":true,"expansion_state":0,"options":{"engine":"python","label":"unnamed-chunk-2","dev":"png"},"document_id":"7CA6A6E4","chunk_id":"ciqjcyv9md1gx","chunk_label":"unnamed-chunk-21"},{"row":838,"row_count":1,"visible":true,"expansion_state":0,"options":{"engine":"python","label":"unnamed-chunk-3","dev":"png"},"document_id":"7CA6A6E4","chunk_id":"cklyrfuzfev4g","chunk_label":"unnamed-chunk-22"}],"doc_write_time":1740809431}