"0",""
"0","# Set seed for reproducibility"
"0","set.seed(123)"
"0",""
"0","# Number of players"
"0","n_players <- 868"
"0",""
"0","# Generate fake player names"
"0","names <- paste(""Player"", 1:n_players, sep = ""_"")"
"0",""
"0","# Generate fake teams (10 teams in total)"
"0","teams <- paste(""Team"", LETTERS[1:10], sep = ""_"")"
"0",""
"0","# Generate fake positions (5 positions in total)"
"0","positions <- c(""Pitcher"", ""Catcher"", ""Infielder"", ""Outfielder"", ""Designated Hitter"")"
"0",""
"0","# Generate right-skewed salaries using a log-normal distribution"
"0","salaries <- round(rlnorm(n_players, meanlog = 10, sdlog = 0.5), 2)"
"0",""
"0","# Create the dataset"
"0","BaseballSalaries2015 <- data.frame("
"0","  Name = names,"
"0","  Salary = salaries,"
"0","  Team = sample(teams, n_players, replace = TRUE),"
"0","  Position = sample(positions, n_players, replace = TRUE)"
"0",")"
"0",""
"0","# View the first few rows of the dataset"
"0","head(BaseballSalaries2015)"
"2","Warning: cannot open compressed file 'C:/Users/Ivinn/OneDrive/Ivinny/UC 2025 Master Data Science/1 - Introduction to Data Science/Assessment 4 Written report/NZ Police Report/.Rproj.user/shared/notebooks/07B338EF-A3. Tutorial 7 Sampling and Bootstrap/1/616AA87E63d8b3e2/cwdupuu1soyr5_t\_rs_rdf_76e86f97794d.rdf', probable reason 'No such file or directory'"
"2","Error in gzfile(file, ""wb"") : cannot open the connection
"
